,count,count_no_rt
2014-08-01,20.0,10.0
2014-08-02,6.0,3.0
2014-08-03,37.0,9.0
2014-08-04,4.0,1.0
2014-08-05,4.0,2.0
2014-08-06,16.0,14.0
2014-08-07,13.0,4.0
2014-08-08,5.0,1.0
2014-08-09,7.0,3.0
2014-08-10,24.0,2.0
2014-08-11,9.0,4.0
2014-08-12,,
2014-08-13,6.0,1.0
2014-08-14,13.0,3.0
2014-08-15,14.0,5.0
2014-08-16,,
2014-08-17,9.0,4.0
2014-08-18,10.0,3.0
2014-08-19,5.0,4.0
2014-08-20,7.0,2.0
2014-08-21,,
2014-08-22,7.0,4.0
2014-08-23,,
2014-08-24,9.0,4.0
2014-08-25,15.0,2.0
2014-08-26,4.0,1.0
2014-08-27,11.0,2.0
2014-08-28,7.0,3.0
2014-08-29,10.0,3.0
2014-08-30,11.0,2.0
2014-08-31,11.0,6.0
2014-09-01,13.0,3.0
2014-09-02,,
2014-09-03,12.0,4.0
2014-09-04,5.0,1.0
2014-09-05,12.0,4.0
2014-09-06,5.0,1.0
2014-09-07,7.0,2.0
2014-09-08,9.0,2.0
2014-09-09,4.0,1.0
2014-09-10,7.0,6.0
2014-09-11,14.0,6.0
2014-09-12,9.0,5.0
2014-09-13,23.0,6.0
2014-09-14,8.0,2.0
2014-09-15,17.0,4.0
2014-09-16,36.0,10.0
2014-09-17,66.0,12.0
2014-09-18,26.0,6.0
2014-09-19,29.0,8.0
2014-09-20,27.0,5.0
2014-09-21,47.0,5.0
2014-09-22,61.0,18.0
2014-09-23,18.0,5.0
2014-09-24,24.0,3.0
2014-09-25,9.0,4.0
2014-09-26,7.0,1.0
2014-09-27,8.0,4.0
2014-09-28,,
2014-09-29,10.0,5.0
2014-09-30,17.0,11.0
2014-10-01,6.0,4.0
2014-10-02,11.0,4.0
2014-10-03,7.0,2.0
2014-10-04,12.0,5.0
2014-10-05,,
2014-10-06,12.0,3.0
2014-10-07,8.0,3.0
2014-10-08,4.0,1.0
2014-10-09,8.0,1.0
2014-10-10,5.0,3.0
2014-10-11,9.0,3.0
2014-10-12,,
2014-10-13,6.0,2.0
2014-10-14,,
2014-10-15,5.0,1.0
2014-10-16,15.0,9.0
2014-10-17,4.0,4.0
2014-10-18,12.0,7.0
2014-10-19,13.0,5.0
2014-10-20,21.0,6.0
2014-10-21,6.0,3.0
2014-10-22,,
2014-10-23,,
2014-10-24,4.0,1.0
2014-10-25,9.0,1.0
2014-10-26,10.0,3.0
2014-10-27,8.0,0.0
2014-10-28,5.0,3.0
2014-10-29,11.0,4.0
2014-10-30,18.0,8.0
2014-10-31,,
2014-11-01,,
2014-11-02,24.0,16.0
2014-11-03,9.0,3.0
2014-11-04,11.0,5.0
2014-11-05,8.0,3.0
2014-11-06,9.0,3.0
2014-11-07,5.0,1.0
2014-11-08,6.0,3.0
2014-11-09,14.0,5.0
2014-11-10,12.0,7.0
2014-11-11,14.0,5.0
2014-11-12,12.0,3.0
2014-11-13,5.0,2.0
2014-11-14,7.0,3.0
2014-11-15,7.0,3.0
2014-11-16,10.0,4.0
2014-11-17,6.0,4.0
2014-11-18,,
2014-11-19,4.0,1.0
2014-11-20,,
2014-11-21,,
2014-11-22,9.0,1.0
2014-11-23,,
2014-11-24,,
2014-11-25,33.0,11.0
2014-11-26,5.0,0.0
2014-11-27,4.0,1.0
2014-11-28,7.0,1.0
2014-11-29,4.0,2.0
2014-11-30,,
2014-12-01,,
2014-12-02,,
2014-12-03,12.0,5.0
2014-12-04,13.0,6.0
2014-12-05,16.0,6.0
2014-12-06,9.0,3.0
2014-12-07,15.0,4.0
2014-12-08,12.0,4.0
2014-12-09,10.0,9.0
2014-12-10,15.0,8.0
2014-12-11,14.0,9.0
2014-12-12,4.0,2.0
2014-12-13,13.0,9.0
2014-12-14,4.0,1.0
2014-12-15,9.0,5.0
2014-12-16,6.0,5.0
2014-12-17,,
2014-12-18,,
2014-12-19,,
2014-12-20,,
2014-12-21,7.0,4.0
2014-12-22,7.0,4.0
2014-12-23,5.0,2.0
2014-12-24,4.0,3.0
2014-12-25,,
2014-12-26,,
2014-12-27,10.0,1.0
2014-12-28,4.0,2.0
2014-12-29,,
2014-12-30,7.0,3.0
2014-12-31,7.0,2.0
2015-01-01,10.0,3.0
2015-01-02,4.0,3.0
2015-01-03,5.0,2.0
2015-01-04,7.0,4.0
2015-01-05,6.0,1.0
2015-01-06,,
2015-01-07,,
2015-01-08,10.0,8.0
2015-01-09,,
2015-01-10,8.0,4.0
2015-01-11,,
2015-01-12,7.0,6.0
2015-01-13,9.0,4.0
2015-01-14,4.0,3.0
2015-01-15,13.0,8.0
2015-01-16,17.0,5.0
2015-01-17,,
2015-01-18,,
2015-01-19,8.0,7.0
2015-01-20,5.0,3.0
2015-01-21,,
2015-01-22,5.0,4.0
2015-01-23,5.0,3.0
2015-01-24,7.0,2.0
2015-01-25,10.0,4.0
2015-01-26,6.0,3.0
2015-01-27,5.0,1.0
2015-01-28,7.0,3.0
2015-01-29,5.0,2.0
2015-01-30,12.0,9.0
2015-01-31,,
2015-02-01,12.0,9.0
2015-02-02,8.0,4.0
2015-02-03,8.0,4.0
2015-02-04,4.0,3.0
2015-02-05,13.0,9.0
2015-02-06,13.0,4.0
2015-02-07,11.0,4.0
2015-02-08,9.0,2.0
2015-02-09,13.0,3.0
2015-02-10,28.0,3.0
2015-02-11,6.0,2.0
2015-02-12,9.0,5.0
2015-02-13,,
2015-02-14,,
2015-02-15,4.0,1.0
2015-02-16,6.0,4.0
2015-02-17,5.0,1.0
2015-02-18,7.0,3.0
2015-02-19,7.0,7.0
2015-02-20,5.0,0.0
2015-02-21,9.0,8.0
2015-02-22,7.0,1.0
2015-02-23,5.0,0.0
2015-02-24,6.0,3.0
2015-02-25,13.0,12.0
2015-02-26,8.0,5.0
2015-02-27,,
2015-02-28,7.0,3.0
2015-03-01,4.0,2.0
2015-03-02,,
2015-03-03,9.0,7.0
2015-03-04,11.0,7.0
2015-03-05,5.0,2.0
2015-03-06,12.0,7.0
2015-03-07,12.0,5.0
2015-03-08,10.0,0.0
2015-03-09,5.0,0.0
2015-03-10,15.0,5.0
2015-03-11,7.0,3.0
2015-03-12,4.0,4.0
2015-03-13,,
2015-03-14,11.0,1.0
2015-03-15,4.0,2.0
2015-03-16,6.0,6.0
2015-03-17,5.0,1.0
2015-03-18,7.0,6.0
2015-03-19,,
2015-03-20,9.0,6.0
2015-03-21,7.0,6.0
2015-03-22,5.0,2.0
2015-03-23,7.0,3.0
2015-03-24,10.0,4.0
2015-03-25,10.0,6.0
2015-03-26,10.0,9.0
2015-03-27,,
2015-03-28,4.0,1.0
2015-03-29,,
2015-03-30,,
2015-03-31,11.0,7.0
2015-04-01,12.0,5.0
2015-04-02,10.0,4.0
2015-04-03,9.0,6.0
2015-04-04,11.0,2.0
2015-04-05,4.0,2.0
2015-04-06,5.0,3.0
2015-04-07,10.0,4.0
2015-04-08,17.0,9.0
2015-04-09,4.0,2.0
2015-04-10,9.0,2.0
2015-04-11,13.0,4.0
2015-04-12,6.0,3.0
2015-04-13,10.0,5.0
2015-04-14,30.0,12.0
2015-04-15,27.0,13.0
2015-04-16,11.0,8.0
2015-04-17,10.0,4.0
2015-04-18,30.0,14.0
2015-04-19,35.0,26.0
2015-04-20,11.0,4.0
2015-04-21,10.0,4.0
2015-04-22,8.0,4.0
2015-04-23,12.0,8.0
2015-04-24,10.0,4.0
2015-04-25,12.0,5.0
2015-04-26,8.0,4.0
2015-04-27,14.0,9.0
2015-04-28,27.0,12.0
2015-04-29,15.0,12.0
2015-04-30,28.0,15.0
2015-05-01,32.0,13.0
2015-05-02,16.0,9.0
2015-05-03,14.0,4.0
2015-05-04,9.0,5.0
2015-05-05,6.0,4.0
2015-05-06,10.0,4.0
2015-05-07,10.0,4.0
2015-05-08,6.0,4.0
2015-05-09,9.0,1.0
2015-05-10,,
2015-05-11,4.0,3.0
2015-05-12,8.0,2.0
2015-05-13,6.0,3.0
2015-05-14,11.0,7.0
2015-05-15,10.0,6.0
2015-05-16,8.0,3.0
2015-05-17,6.0,3.0
2015-05-18,6.0,2.0
2015-05-19,4.0,3.0
2015-05-20,5.0,4.0
2015-05-21,15.0,7.0
2015-05-22,8.0,4.0
2015-05-23,4.0,4.0
2015-05-24,,
2015-05-25,8.0,2.0
2015-05-26,7.0,3.0
2015-05-27,8.0,3.0
2015-05-28,9.0,6.0
2015-05-29,8.0,3.0
2015-05-30,21.0,6.0
2015-05-31,,
2015-06-01,14.0,5.0
2015-06-02,4.0,2.0
2015-06-03,16.0,8.0
2015-06-04,7.0,4.0
2015-06-05,18.0,6.0
2015-06-06,6.0,3.0
2015-06-07,5.0,2.0
2015-06-08,9.0,4.0
2015-06-09,8.0,6.0
2015-06-10,5.0,4.0
2015-06-11,11.0,8.0
2015-06-12,13.0,11.0
2015-06-13,24.0,10.0
2015-06-14,34.0,5.0
2015-06-15,11.0,5.0
2015-06-16,17.0,11.0
2015-06-17,12.0,4.0
2015-06-18,12.0,6.0
2015-06-19,19.0,9.0
2015-06-20,11.0,6.0
2015-06-21,5.0,4.0
2015-06-22,,
2015-06-23,6.0,6.0
2015-06-24,10.0,7.0
2015-06-25,11.0,6.0
2015-06-26,5.0,5.0
2015-06-27,11.0,8.0
2015-06-28,11.0,8.0
2015-06-29,17.0,9.0
2015-06-30,11.0,3.0
2015-07-01,12.0,6.0
2015-07-02,12.0,12.0
2015-07-03,8.0,7.0
2015-07-04,14.0,3.0
2015-07-05,,
2015-07-06,8.0,5.0
2015-07-07,9.0,7.0
2015-07-08,8.0,6.0
2015-07-09,8.0,7.0
2015-07-10,6.0,4.0
2015-07-11,15.0,5.0
2015-07-12,21.0,2.0
2015-07-13,12.0,7.0
2015-07-14,13.0,7.0
2015-07-15,17.0,7.0
2015-07-16,8.0,5.0
2015-07-17,11.0,6.0
2015-07-18,26.0,16.0
2015-07-19,48.0,23.0
2015-07-20,40.0,20.0
2015-07-21,66.0,22.0
2015-07-22,44.0,29.0
2015-07-23,62.0,33.0
2015-07-24,41.0,14.0
2015-07-25,34.0,16.0
2015-07-26,39.0,13.0
2015-07-27,38.0,21.0
2015-07-28,52.0,32.0
2015-07-29,59.0,31.0
2015-07-30,51.0,31.0
2015-07-31,32.0,22.0
2015-08-01,16.0,10.0
2015-08-02,28.0,9.0
2015-08-03,34.0,16.0
2015-08-04,14.0,11.0
2015-08-05,46.0,28.0
2015-08-06,37.0,24.0
2015-08-07,40.0,15.0
2015-08-08,256.0,152.0
2015-08-09,671.0,323.0
2015-08-10,431.0,226.0
2015-08-11,330.0,143.0
2015-08-12,263.0,112.0
2015-08-13,227.0,111.0
2015-08-14,178.0,96.0
2015-08-15,140.0,77.0
2015-08-16,125.0,53.0
2015-08-17,173.0,81.0
2015-08-18,303.0,125.0
2015-08-19,215.0,107.0
2015-08-20,158.0,78.0
2015-08-21,198.0,93.0
2015-08-22,126.0,50.0
2015-08-23,114.0,49.0
2015-08-24,88.0,50.0
2015-08-25,135.0,55.0
2015-08-26,116.0,73.0
2015-08-27,114.0,59.0
2015-08-28,111.0,61.0
2015-08-29,158.0,71.0
2015-08-30,181.0,84.0
2015-08-31,188.0,108.0
2015-09-01,336.0,158.0
2015-09-02,405.0,220.0
2015-09-03,469.0,203.0
2015-09-04,182.0,92.0
2015-09-05,225.0,107.0
2015-09-06,181.0,86.0
2015-09-07,172.0,104.0
2015-09-08,138.0,87.0
2015-09-09,143.0,88.0
2015-09-10,138.0,78.0
2015-09-11,106.0,58.0
2015-09-12,87.0,43.0
2015-09-13,112.0,48.0
2015-09-14,169.0,69.0
2015-09-15,157.0,81.0
2015-09-16,84.0,48.0
2015-09-17,137.0,76.0
2015-09-18,178.0,82.0
2015-09-19,222.0,110.0
2015-09-20,264.0,82.0
2015-09-21,219.0,66.0
2015-09-22,130.0,87.0
2015-09-23,163.0,65.0
2015-09-24,44.0,28.0
2015-09-25,125.0,54.0
2015-09-26,105.0,23.0
2015-09-27,120.0,24.0
2015-09-28,121.0,53.0
2015-09-29,113.0,80.0
2015-09-30,130.0,84.0
2015-10-01,114.0,51.0
2015-10-02,93.0,48.0
2015-10-03,74.0,23.0
2015-10-04,76.0,44.0
2015-10-05,60.0,24.0
2015-10-06,79.0,30.0
2015-10-07,78.0,48.0
2015-10-08,76.0,38.0
2015-10-09,167.0,84.0
2015-10-10,134.0,92.0
2015-10-11,143.0,62.0
2015-10-12,99.0,54.0
2015-10-13,205.0,93.0
2015-10-14,147.0,44.0
2015-10-15,131.0,59.0
2015-10-16,110.0,39.0
2015-10-17,65.0,22.0
2015-10-18,92.0,36.0
2015-10-19,71.0,32.0
2015-10-20,101.0,38.0
2015-10-21,101.0,47.0
2015-10-22,95.0,40.0
2015-10-23,102.0,50.0
2015-10-24,119.0,45.0
2015-10-25,193.0,70.0
2015-10-26,207.0,74.0
2015-10-27,179.0,84.0
2015-10-28,140.0,68.0
2015-10-29,90.0,51.0
2015-10-30,143.0,65.0
2015-10-31,127.0,53.0
2015-11-01,107.0,55.0
2015-11-02,117.0,53.0
2015-11-03,90.0,46.0
2015-11-04,120.0,58.0
2015-11-05,128.0,68.0
2015-11-06,121.0,56.0
2015-11-07,85.0,29.0
2015-11-08,98.0,34.0
2015-11-09,141.0,72.0
2015-11-10,123.0,61.0
2015-11-11,223.0,74.0
2015-11-12,147.0,67.0
2015-11-13,130.0,61.0
2015-11-14,100.0,40.0
2015-11-15,90.0,36.0
2015-11-16,138.0,87.0
2015-11-17,145.0,85.0
2015-11-18,168.0,84.0
2015-11-19,195.0,91.0
2015-11-20,141.0,63.0
2015-11-21,156.0,67.0
2015-11-22,218.0,56.0
2015-11-23,175.0,73.0
2015-11-24,571.0,242.0
2015-11-25,312.0,137.0
2015-11-26,138.0,68.0
2015-11-27,246.0,107.0
2015-11-28,204.0,61.0
2015-11-29,159.0,61.0
2015-11-30,175.0,92.0
2015-12-01,159.0,78.0
2015-12-02,138.0,69.0
2015-12-03,106.0,42.0
2015-12-04,131.0,60.0
2015-12-05,127.0,44.0
2015-12-06,90.0,46.0
2015-12-07,140.0,62.0
2015-12-08,116.0,56.0
2015-12-09,123.0,58.0
2015-12-10,112.0,48.0
2015-12-11,91.0,47.0
2015-12-12,77.0,34.0
2015-12-13,81.0,45.0
2015-12-14,110.0,44.0
2015-12-15,118.0,56.0
2015-12-16,130.0,48.0
2015-12-17,96.0,40.0
2015-12-18,84.0,33.0
2015-12-19,94.0,37.0
2015-12-20,86.0,35.0
2015-12-21,110.0,63.0
2015-12-22,131.0,70.0
2015-12-23,349.0,154.0
2015-12-24,171.0,89.0
2015-12-25,82.0,25.0
2015-12-26,139.0,43.0
2015-12-27,93.0,49.0
2015-12-28,229.0,108.0
2015-12-29,208.0,86.0
2015-12-30,146.0,68.0
2015-12-31,112.0,50.0
2016-01-01,120.0,49.0
2016-01-02,136.0,58.0
2016-01-03,693.0,185.0
2016-01-04,498.0,177.0
2016-01-05,175.0,81.0
2016-01-06,214.0,82.0
2016-01-07,152.0,75.0
2016-01-08,99.0,51.0
2016-01-09,113.0,63.0
2016-01-10,96.0,55.0
2016-01-11,122.0,67.0
2016-01-12,156.0,75.0
2016-01-13,106.0,51.0
2016-01-14,108.0,58.0
2016-01-15,155.0,54.0
2016-01-16,103.0,48.0
2016-01-17,143.0,76.0
2016-01-18,339.0,113.0
2016-01-19,146.0,98.0
2016-01-20,184.0,103.0
2016-01-21,207.0,117.0
2016-01-22,182.0,102.0
2016-01-23,141.0,93.0
2016-01-24,150.0,89.0
2016-01-25,168.0,102.0
2016-01-26,194.0,111.0
2016-01-27,233.0,152.0
2016-01-28,179.0,114.0
2016-01-29,226.0,126.0
2016-01-30,181.0,119.0
2016-01-31,161.0,124.0
2016-02-01,203.0,115.0
2016-02-02,223.0,101.0
2016-02-03,212.0,135.0
2016-02-04,208.0,116.0
2016-02-05,226.0,122.0
2016-02-06,214.0,107.0
2016-02-07,197.0,133.0
2016-02-08,285.0,153.0
2016-02-09,295.0,169.0
2016-02-10,399.0,199.0
2016-02-11,330.0,161.0
2016-02-12,294.0,160.0
2016-02-13,280.0,148.0
2016-02-14,180.0,124.0
2016-02-15,243.0,141.0
2016-02-16,410.0,167.0
2016-02-17,265.0,169.0
2016-02-18,328.0,172.0
2016-02-19,299.0,167.0
2016-02-20,243.0,149.0
2016-02-21,190.0,126.0
2016-02-22,245.0,148.0
2016-02-23,246.0,161.0
2016-02-24,229.0,136.0
2016-02-25,1172.0,306.0
2016-02-26,531.0,240.0
2016-02-27,632.0,228.0
2016-02-28,644.0,242.0
2016-02-29,952.0,260.0
2016-03-01,707.0,211.0
2016-03-02,513.0,259.0
2016-03-03,402.0,204.0
2016-03-04,332.0,186.0
2016-03-05,406.0,207.0
2016-03-06,424.0,219.0
2016-03-07,353.0,187.0
2016-03-08,298.0,170.0
2016-03-09,292.0,170.0
2016-03-10,306.0,135.0
2016-03-11,1079.0,337.0
2016-03-12,1456.0,399.0
2016-03-13,739.0,229.0
2016-03-14,655.0,243.0
2016-03-15,500.0,229.0
2016-03-16,311.0,202.0
2016-03-17,352.0,194.0
2016-03-18,408.0,201.0
2016-03-19,449.0,239.0
2016-03-20,356.0,196.0
2016-03-21,307.0,185.0
2016-03-22,335.0,193.0
2016-03-23,231.0,133.0
2016-03-24,224.0,154.0
2016-03-25,163.0,137.0
2016-03-26,289.0,199.0
2016-03-27,192.0,130.0
2016-03-28,267.0,158.0
2016-03-29,298.0,181.0
2016-03-30,401.0,176.0
2016-03-31,194.0,99.0
2016-04-01,192.0,118.0
2016-04-02,154.0,88.0
2016-04-03,131.0,83.0
2016-04-04,207.0,93.0
2016-04-05,211.0,130.0
2016-04-06,264.0,129.0
2016-04-07,960.0,302.0
2016-04-08,605.0,274.0
2016-04-09,464.0,204.0
2016-04-10,408.0,190.0
2016-04-11,412.0,222.0
2016-04-12,290.0,187.0
2016-04-13,430.0,196.0
2016-04-14,364.0,224.0
2016-04-15,323.0,211.0
2016-04-16,248.0,163.0
2016-04-17,274.0,147.0
2016-04-18,291.0,159.0
2016-04-19,278.0,195.0
2016-04-20,254.0,186.0
2016-04-21,322.0,176.0
2016-04-22,208.0,152.0
2016-04-23,448.0,318.0
2016-04-24,511.0,307.0
2016-04-25,232.0,151.0
2016-04-26,267.0,193.0
2016-04-27,201.0,157.0
2016-04-28,247.0,151.0
2016-04-29,273.0,165.0
2016-04-30,210.0,121.0
2016-05-01,242.0,144.0
2016-05-02,350.0,181.0
2016-05-03,226.0,148.0
2016-05-04,144.0,88.0
2016-05-05,343.0,148.0
2016-05-06,239.0,155.0
2016-05-07,275.0,129.0
2016-05-08,179.0,121.0
2016-05-09,235.0,145.0
2016-05-10,209.0,146.0
2016-05-11,216.0,147.0
2016-05-12,479.0,186.0
2016-05-13,217.0,171.0
2016-05-14,173.0,119.0
2016-05-15,243.0,175.0
2016-05-16,235.0,169.0
2016-05-17,204.0,153.0
2016-05-18,202.0,139.0
2016-05-19,243.0,172.0
2016-05-20,212.0,155.0
2016-05-21,215.0,161.0
2016-05-22,184.0,116.0
2016-05-23,379.0,219.0
2016-05-24,297.0,200.0
2016-05-25,446.0,213.0
2016-05-26,394.0,179.0
2016-05-27,224.0,155.0
2016-05-28,216.0,147.0
2016-05-29,237.0,153.0
2016-05-30,206.0,146.0
2016-05-31,177.0,129.0
2016-06-01,198.0,139.0
2016-06-02,375.0,146.0
2016-06-03,269.0,183.0
2016-06-04,241.0,149.0
2016-06-05,267.0,141.0
2016-06-06,249.0,166.0
2016-06-07,238.0,161.0
2016-06-08,197.0,159.0
2016-06-09,183.0,145.0
2016-06-10,216.0,167.0
2016-06-11,196.0,159.0
2016-06-12,186.0,141.0
2016-06-13,276.0,149.0
2016-06-14,298.0,143.0
2016-06-15,233.0,147.0
2016-06-16,213.0,115.0
2016-06-17,251.0,165.0
2016-06-18,156.0,126.0
2016-06-19,148.0,116.0
2016-06-20,185.0,144.0
2016-06-21,155.0,128.0
2016-06-22,249.0,158.0
2016-06-23,187.0,135.0
2016-06-24,194.0,159.0
2016-06-25,177.0,122.0
2016-06-26,253.0,140.0
2016-06-27,526.0,153.0
2016-06-28,216.0,84.0
2016-06-29,118.0,50.0
2016-06-30,119.0,53.0
2016-07-01,122.0,81.0
2016-07-02,139.0,100.0
2016-07-03,266.0,138.0
2016-07-04,421.0,181.0
2016-07-05,285.0,187.0
2016-07-06,750.0,424.0
2016-07-07,5291.0,1124.0
2016-07-08,13728.0,3688.0
2016-07-09,5250.0,1478.0
2016-07-10,5522.0,1523.0
2016-07-11,4468.0,1336.0
2016-07-12,3082.0,877.0
2016-07-13,2358.0,796.0
2016-07-14,2049.0,802.0
2016-07-15,1220.0,434.0
2016-07-16,1039.0,341.0
2016-07-17,4901.0,1469.0
2016-07-18,2634.0,800.0
2016-07-19,1140.0,413.0
2016-07-20,1247.0,436.0
2016-07-21,997.0,449.0
2016-07-22,951.0,292.0
2016-07-23,632.0,223.0
2016-07-24,592.0,199.0
2016-07-25,660.0,289.0
2016-07-26,814.0,342.0
2016-07-27,849.0,352.0
2016-07-28,635.0,252.0
2016-07-29,540.0,234.0
2016-07-30,531.0,166.0
2016-07-31,347.0,135.0
2016-08-01,373.0,183.0
2016-08-02,834.0,288.0
2016-08-03,424.0,197.0
2016-08-04,599.0,188.0
2016-08-05,955.0,349.0
2016-08-06,489.0,202.0
2016-08-07,424.0,167.0
2016-08-08,318.0,152.0
2016-08-09,781.0,233.0
2016-08-10,419.0,182.0
2016-08-11,384.0,194.0
2016-08-12,448.0,171.0
2016-08-13,377.0,141.0
2016-08-14,2420.0,545.0
2016-08-15,1433.0,400.0
2016-08-16,893.0,325.0
2016-08-17,707.0,284.0
2016-08-18,528.0,242.0
2016-08-19,702.0,258.0
2016-08-20,637.0,274.0
2016-08-21,623.0,197.0
2016-08-22,606.0,240.0
2016-08-23,501.0,185.0
2016-08-24,291.0,139.0
2016-08-25,399.0,209.0
2016-08-26,354.0,130.0
2016-08-27,633.0,253.0
2016-08-28,658.0,263.0
2016-08-29,635.0,258.0
2016-08-30,605.0,263.0
2016-08-31,608.0,305.0
2016-09-01,498.0,211.0
2016-09-02,403.0,199.0
2016-09-03,494.0,240.0
2016-09-04,341.0,109.0
2016-09-05,518.0,263.0
2016-09-06,740.0,314.0
2016-09-07,354.0,153.0
2016-09-08,350.0,200.0
2016-09-09,494.0,293.0
2016-09-10,400.0,162.0
2016-09-11,402.0,235.0
2016-09-12,435.0,236.0
2016-09-13,372.0,222.0
2016-09-14,452.0,281.0
2016-09-15,793.0,263.0
2016-09-16,541.0,212.0
2016-09-17,578.0,295.0
2016-09-18,498.0,299.0
2016-09-19,423.0,228.0
2016-09-20,900.0,508.0
2016-09-21,1792.0,782.0
2016-09-22,2603.0,733.0
2016-09-23,1807.0,562.0
2016-09-24,1227.0,446.0
2016-09-25,1195.0,496.0
2016-09-26,1120.0,554.0
2016-09-27,724.0,495.0
2016-09-28,1174.0,459.0
2016-09-29,2082.0,541.0
2016-09-30,1221.0,532.0
2016-10-01,670.0,331.0
2016-10-02,926.0,532.0
2016-10-03,721.0,334.0
2016-10-04,397.0,216.0
2016-10-05,607.0,358.0
2016-10-06,709.0,373.0
2016-10-07,498.0,304.0
2016-10-08,442.0,264.0
2016-10-09,403.0,170.0
2016-10-10,460.0,326.0
2016-10-11,389.0,244.0
2016-10-12,827.0,291.0
2016-10-13,462.0,287.0
2016-10-14,595.0,356.0
2016-10-15,614.0,231.0
2016-10-16,469.0,224.0
2016-10-17,440.0,270.0
2016-10-18,415.0,262.0
2016-10-19,414.0,223.0
2016-10-20,368.0,237.0
2016-10-21,323.0,195.0
2016-10-22,446.0,288.0
2016-10-23,355.0,247.0
2016-10-24,365.0,247.0
2016-10-25,354.0,199.0
2016-10-26,451.0,229.0
2016-10-27,438.0,279.0
2016-10-28,407.0,280.0
2016-10-29,249.0,154.0
2016-10-30,376.0,260.0
2016-10-31,365.0,263.0
2016-11-01,422.0,224.0
2016-11-02,764.0,418.0
2016-11-03,365.0,218.0
2016-11-04,391.0,292.0
2016-11-05,428.0,283.0
2016-11-06,322.0,166.0
2016-11-07,432.0,257.0
2016-11-08,549.0,314.0
2016-11-09,586.0,353.0
2016-11-10,741.0,299.0
2016-11-11,580.0,277.0
2016-11-12,421.0,149.0
2016-11-13,402.0,225.0
2016-11-14,435.0,267.0
2016-11-15,457.0,233.0
2016-11-16,299.0,137.0
2016-11-17,389.0,269.0
2016-11-18,344.0,215.0
2016-11-19,325.0,217.0
2016-11-20,340.0,200.0
2016-11-21,343.0,95.0
2016-11-22,574.0,277.0
2016-11-23,675.0,261.0
2016-11-24,366.0,143.0
2016-11-25,436.0,248.0
2016-11-26,456.0,224.0
2016-11-27,304.0,81.0
2016-11-28,394.0,209.0
2016-11-29,370.0,232.0
2016-11-30,445.0,240.0
2016-12-01,768.0,317.0
2016-12-02,314.0,146.0
2016-12-03,276.0,196.0
2016-12-04,361.0,233.0
2016-12-05,388.0,141.0
2016-12-06,371.0,248.0
2016-12-07,229.0,183.0
2016-12-08,18.0,12.0
2016-12-09,222.0,158.0
2016-12-10,210.0,160.0
2016-12-11,171.0,136.0
2016-12-12,185.0,148.0
2016-12-13,245.0,163.0
2016-12-14,217.0,152.0
2016-12-15,202.0,145.0
2016-12-16,269.0,159.0
2016-12-17,228.0,164.0
2016-12-18,229.0,176.0
2016-12-19,216.0,137.0
2016-12-20,208.0,157.0
2016-12-21,240.0,186.0
2016-12-22,209.0,171.0
2016-12-23,116.0,80.0
2016-12-24,169.0,80.0
2016-12-25,95.0,47.0
2016-12-26,108.0,61.0
2016-12-27,103.0,53.0
2016-12-28,54.0,25.0
2016-12-29,43.0,29.0
2016-12-30,38.0,23.0
2016-12-31,37.0,19.0
2017-01-01,118.0,47.0
2017-01-02,161.0,66.0
2017-01-03,197.0,123.0
2017-01-04,1338.0,437.0
2017-01-05,2642.0,911.0
2017-01-06,923.0,386.0
2017-01-07,513.0,248.0
2017-01-08,405.0,185.0
2017-01-09,696.0,214.0
2017-01-10,368.0,219.0
2017-01-11,315.0,193.0
2017-01-12,289.0,183.0
2017-01-13,257.0,162.0
2017-01-14,324.0,175.0
2017-01-15,392.0,190.0
2017-01-16,982.0,224.0
2017-01-17,501.0,123.0
2017-01-18,385.0,87.0
2017-01-19,220.0,96.0
2017-01-20,398.0,130.0
2017-01-21,294.0,124.0
2017-01-22,772.0,154.0
2017-01-23,507.0,128.0
2017-01-24,406.0,117.0
2017-01-25,296.0,103.0
2017-01-26,571.0,88.0
2017-01-27,468.0,96.0
2017-01-28,412.0,86.0
2017-01-29,958.0,88.0
2017-01-30,554.0,127.0
2017-01-31,423.0,112.0
2017-02-01,329.0,136.0
2017-02-02,254.0,104.0
2017-02-03,255.0,95.0
2017-02-04,557.0,111.0
2017-02-05,632.0,110.0
2017-02-06,356.0,91.0
2017-02-07,396.0,99.0
2017-02-08,304.0,101.0
2017-02-09,253.0,100.0
2017-02-10,310.0,91.0
2017-02-11,330.0,76.0
2017-02-12,294.0,106.0
2017-02-13,414.0,97.0
2017-02-14,283.0,76.0
2017-02-15,251.0,75.0
2017-02-16,277.0,115.0
2017-02-17,284.0,67.0
2017-02-18,236.0,61.0
2017-02-19,188.0,67.0
2017-02-20,231.0,35.0
2017-02-21,259.0,61.0
2017-02-22,191.0,83.0
2017-02-23,215.0,82.0
2017-02-24,207.0,74.0
2017-02-25,199.0,57.0
2017-02-26,171.0,63.0
2017-02-27,159.0,57.0
2017-02-28,221.0,90.0
2017-03-01,129.0,56.0
2017-03-02,118.0,65.0
2017-03-03,166.0,50.0
2017-03-04,170.0,45.0
2017-03-05,123.0,49.0
2017-03-06,176.0,59.0
2017-03-07,127.0,53.0
2017-03-08,120.0,51.0
2017-03-09,136.0,56.0
2017-03-10,128.0,66.0
2017-03-11,124.0,41.0
2017-03-12,154.0,47.0
2017-03-13,247.0,68.0
2017-03-14,134.0,60.0
2017-03-15,199.0,60.0
2017-03-16,269.0,56.0
2017-03-17,164.0,56.0
2017-03-18,92.0,23.0
2017-03-19,179.0,50.0
2017-03-20,162.0,44.0
2017-03-21,115.0,49.0
2017-03-22,783.0,66.0
2017-03-23,775.0,51.0
2017-03-24,523.0,64.0
2017-03-25,195.0,43.0
2017-03-26,281.0,39.0
2017-03-27,152.0,50.0
2017-03-28,194.0,46.0
2017-03-29,305.0,54.0
2017-03-30,145.0,46.0
2017-03-31,147.0,30.0
2017-04-01,112.0,36.0
2017-04-02,104.0,33.0
2017-04-03,112.0,38.0
2017-04-04,343.0,87.0
2017-04-05,400.0,102.0
2017-04-06,253.0,63.0
2017-04-07,167.0,33.0
2017-04-08,112.0,40.0
2017-04-09,195.0,42.0
2017-04-10,137.0,36.0
2017-04-11,230.0,65.0
2017-04-12,224.0,35.0
2017-04-13,200.0,58.0
2017-04-14,117.0,46.0
2017-04-15,181.0,50.0
2017-04-16,331.0,71.0
2017-04-17,371.0,118.0
2017-04-18,199.0,96.0
2017-04-19,152.0,58.0
2017-04-20,555.0,46.0
2017-04-21,625.0,208.0
2017-04-22,275.0,133.0
2017-04-23,170.0,84.0
2017-04-24,209.0,111.0
2017-04-25,302.0,105.0
2017-04-26,128.0,65.0
2017-04-27,130.0,75.0
2017-04-28,136.0,67.0
2017-04-29,181.0,67.0
2017-04-30,169.0,76.0
2017-05-01,215.0,87.0
2017-05-02,364.0,112.0
2017-05-03,281.0,91.0
2017-05-04,133.0,66.0
2017-05-05,144.0,59.0
2017-05-06,142.0,32.0
2017-05-07,152.0,60.0
2017-05-08,161.0,50.0
2017-05-09,105.0,46.0
2017-05-10,165.0,56.0
2017-05-11,161.0,69.0
2017-05-12,127.0,54.0
2017-05-13,135.0,44.0
2017-05-14,281.0,63.0
2017-05-15,221.0,75.0
2017-05-16,121.0,55.0
2017-05-17,337.0,51.0
2017-05-18,416.0,73.0
2017-05-19,321.0,48.0
2017-05-20,223.0,40.0
2017-05-21,233.0,42.0
2017-05-22,222.0,49.0
2017-05-23,116.0,59.0
2017-05-24,93.0,27.0
2017-05-25,143.0,51.0
2017-05-26,156.0,49.0
2017-05-27,163.0,36.0
2017-05-28,103.0,48.0
2017-05-29,74.0,31.0
2017-05-30,117.0,48.0
2017-05-31,133.0,55.0
2017-06-01,90.0,45.0
2017-06-02,75.0,41.0
2017-06-03,98.0,52.0
2017-06-04,111.0,36.0
2017-06-05,113.0,43.0
2017-06-06,335.0,80.0
2017-06-07,341.0,60.0
2017-06-08,143.0,47.0
2017-06-09,75.0,35.0
2017-06-10,80.0,36.0
2017-06-11,147.0,58.0
2017-06-12,81.0,36.0
2017-06-13,106.0,48.0
2017-06-14,180.0,92.0
2017-06-15,131.0,65.0
2017-06-16,379.0,110.0
2017-06-17,360.0,100.0
2017-06-18,210.0,81.0
2017-06-19,172.0,63.0
2017-06-20,373.0,118.0
2017-06-21,609.0,115.0
2017-06-22,377.0,86.0
2017-06-23,261.0,83.0
2017-06-24,191.0,82.0
2017-06-25,343.0,105.0
2017-06-26,374.0,98.0
2017-06-27,165.0,64.0
2017-06-28,139.0,74.0
2017-06-29,215.0,75.0
2017-06-30,152.0,94.0
2017-07-01,220.0,69.0
2017-07-02,290.0,81.0
2017-07-03,449.0,75.0
2017-07-04,426.0,98.0
2017-07-05,422.0,115.0
2017-07-06,263.0,99.0
2017-07-07,542.0,126.0
2017-07-08,489.0,109.0
2017-07-09,238.0,124.0
2017-07-10,264.0,96.0
2017-07-11,258.0,107.0
2017-07-12,348.0,107.0
2017-07-13,639.0,98.0
2017-07-14,529.0,79.0
2017-07-15,825.0,85.0
2017-07-16,854.0,88.0
2017-07-17,351.0,112.0
2017-07-18,318.0,89.0
2017-07-19,416.0,90.0
2017-07-20,395.0,97.0
2017-07-21,303.0,109.0
2017-07-22,132.0,66.0
2017-07-23,199.0,75.0
2017-07-24,178.0,61.0
2017-07-25,121.0,73.0
2017-07-26,107.0,58.0
2017-07-27,142.0,81.0
2017-07-28,135.0,79.0
2017-07-29,234.0,79.0
2017-07-30,157.0,96.0
2017-07-31,149.0,73.0
2017-08-01,158.0,79.0
2017-08-02,189.0,94.0
2017-08-03,213.0,102.0
2017-08-04,175.0,85.0
2017-08-05,181.0,70.0
2017-08-06,163.0,80.0
2017-08-07,193.0,90.0
2017-08-08,179.0,112.0
2017-08-09,367.0,89.0
2017-08-10,192.0,103.0
2017-08-11,209.0,88.0
2017-08-12,2324.0,780.0
2017-08-13,2706.0,844.0
2017-08-14,2409.0,686.0
2017-08-15,3123.0,632.0
2017-08-16,3045.0,542.0
2017-08-17,2064.0,397.0
2017-08-18,2180.0,324.0
2017-08-19,2930.0,504.0
2017-08-20,1848.0,317.0
2017-08-21,917.0,236.0
2017-08-22,1238.0,238.0
2017-08-23,1012.0,205.0
2017-08-24,656.0,188.0
2017-08-25,796.0,183.0
2017-08-26,543.0,147.0
2017-08-27,728.0,173.0
2017-08-28,851.0,175.0
2017-08-29,677.0,192.0
2017-08-30,511.0,178.0
2017-08-31,520.0,171.0
2017-09-01,616.0,141.0
2017-09-02,1103.0,114.0
2017-09-03,897.0,135.0
2017-09-04,439.0,117.0
2017-09-05,381.0,119.0
2017-09-06,755.0,128.0
2017-09-07,426.0,102.0
2017-09-08,277.0,83.0
2017-09-09,209.0,73.0
2017-09-10,238.0,112.0
2017-09-11,368.0,124.0
2017-09-12,386.0,105.0
2017-09-13,590.0,128.0
2017-09-14,490.0,154.0
2017-09-15,431.0,200.0
2017-09-16,862.0,220.0
2017-09-17,625.0,146.0
2017-09-18,939.0,205.0
2017-09-19,581.0,137.0
2017-09-20,445.0,123.0
2017-09-21,272.0,101.0
2017-09-22,258.0,96.0
2017-09-23,667.0,209.0
2017-09-24,837.0,291.0
2017-09-25,772.0,294.0
2017-09-26,945.0,265.0
2017-09-27,1018.0,219.0
2017-09-28,734.0,176.0
2017-09-29,711.0,187.0
2017-09-30,501.0,146.0
2017-10-01,356.0,140.0
2017-10-02,509.0,133.0
2017-10-03,250.0,106.0
2017-10-04,415.0,90.0
2017-10-05,1492.0,122.0
2017-10-06,5359.0,149.0
2017-10-07,2640.0,127.0
2017-10-08,1213.0,157.0
2017-10-09,439.0,137.0
2017-10-10,428.0,135.0
2017-10-11,350.0,131.0
2017-10-12,524.0,119.0
2017-10-13,254.0,80.0
2017-10-14,392.0,90.0
2017-10-15,432.0,72.0
2017-10-16,357.0,100.0
2017-10-17,308.0,85.0
2017-10-18,270.0,94.0
2017-10-19,208.0,78.0
2017-10-20,214.0,80.0
2017-10-21,233.0,67.0
2017-10-22,278.0,74.0
2017-10-23,238.0,60.0
2017-10-24,170.0,57.0
2017-10-25,235.0,79.0
2017-10-26,173.0,69.0
2017-10-27,150.0,56.0
2017-10-28,402.0,100.0
2017-10-29,348.0,58.0
2017-10-30,200.0,78.0
2017-10-31,175.0,60.0
2017-11-01,286.0,103.0
2017-11-02,210.0,79.0
2017-11-03,238.0,69.0
2017-11-04,326.0,65.0
2017-11-05,319.0,64.0
2017-11-06,200.0,77.0
2017-11-07,233.0,111.0
2017-11-08,268.0,94.0
2017-11-09,192.0,77.0
2017-11-10,169.0,88.0
2017-11-11,113.0,53.0
2017-11-12,161.0,47.0
2017-11-13,224.0,74.0
2017-11-14,208.0,80.0
2017-11-15,270.0,83.0
2017-11-16,298.0,107.0
2017-11-17,175.0,59.0
2017-11-18,232.0,75.0
2017-11-19,196.0,62.0
2017-11-20,198.0,89.0
2017-11-21,295.0,93.0
2017-11-22,251.0,75.0
2017-11-23,248.0,70.0
2017-11-24,496.0,81.0
2017-11-25,454.0,65.0
2017-11-26,306.0,93.0
2017-11-27,248.0,86.0
2017-11-28,362.0,89.0
2017-11-29,256.0,82.0
2017-11-30,283.0,129.0
2017-12-01,241.0,100.0
2017-12-02,301.0,92.0
2017-12-03,204.0,80.0
2017-12-04,167.0,62.0
2017-12-05,231.0,71.0
2017-12-06,177.0,74.0
2017-12-07,306.0,79.0
2017-12-08,223.0,62.0
2017-12-09,302.0,59.0
2017-12-10,521.0,68.0
2017-12-11,317.0,67.0
2017-12-12,195.0,75.0
2017-12-13,171.0,92.0
2017-12-14,174.0,63.0
2017-12-15,160.0,78.0
2017-12-16,134.0,61.0
2017-12-17,146.0,58.0
2017-12-18,121.0,45.0
2017-12-19,181.0,66.0
2017-12-20,156.0,50.0
2017-12-21,165.0,61.0
2017-12-22,127.0,44.0
2017-12-23,110.0,41.0
2017-12-24,112.0,39.0
2017-12-25,82.0,41.0
2017-12-26,142.0,39.0
2017-12-27,259.0,60.0
2017-12-28,247.0,68.0
2017-12-29,193.0,51.0
2017-12-30,186.0,67.0
2017-12-31,228.0,60.0
2018-01-01,247.0,54.0
2018-01-02,1076.0,102.0
2018-01-03,543.0,69.0
2018-01-04,353.0,74.0
2018-01-05,179.0,50.0
2018-01-06,144.0,50.0
2018-01-07,164.0,54.0
2018-01-08,190.0,74.0
2018-01-09,175.0,73.0
2018-01-10,168.0,58.0
2018-01-11,297.0,51.0
2018-01-12,270.0,61.0
2018-01-13,153.0,62.0
2018-01-14,140.0,53.0
2018-01-15,979.0,135.0
2018-01-16,300.0,65.0
2018-01-17,251.0,66.0
2018-01-18,125.0,58.0
2018-01-19,170.0,58.0
2018-01-20,171.0,97.0
2018-01-21,148.0,64.0
2018-01-22,153.0,57.0
2018-01-23,171.0,64.0
2018-01-24,187.0,63.0
2018-01-25,207.0,65.0
2018-01-26,163.0,53.0
2018-01-27,152.0,52.0
2018-01-28,155.0,61.0
2018-01-29,158.0,61.0
2018-01-30,202.0,75.0
2018-01-31,171.0,73.0
2018-02-01,243.0,109.0
2018-02-02,272.0,89.0
2018-02-03,383.0,60.0
2018-02-04,393.0,108.0
2018-02-05,330.0,136.0
2018-02-06,440.0,104.0
2018-02-07,345.0,81.0
2018-02-08,310.0,96.0
2018-02-09,200.0,69.0
2018-02-10,176.0,48.0
2018-02-11,173.0,66.0
2018-02-12,205.0,68.0
2018-02-13,205.0,91.0
2018-02-14,333.0,91.0
2018-02-15,278.0,94.0
2018-02-16,213.0,85.0
2018-02-17,131.0,63.0
2018-02-18,184.0,70.0
2018-02-19,166.0,82.0
2018-02-20,169.0,55.0
2018-02-21,200.0,81.0
2018-02-22,225.0,84.0
2018-02-23,184.0,87.0
2018-02-24,194.0,79.0
2018-02-25,563.0,61.0
2018-02-26,295.0,65.0
2018-02-27,823.0,81.0
2018-02-28,441.0,75.0
2018-03-01,218.0,72.0
2018-03-02,160.0,70.0
2018-03-03,203.0,55.0
2018-03-04,184.0,62.0
2018-03-05,194.0,74.0
2018-03-06,189.0,54.0
2018-03-07,255.0,63.0
2018-03-08,177.0,74.0
2018-03-09,231.0,72.0
2018-03-10,110.0,55.0
2018-03-11,119.0,52.0
2018-03-12,148.0,78.0
2018-03-13,124.0,66.0
2018-03-14,147.0,63.0
2018-03-15,599.0,75.0
2018-03-16,218.0,63.0
2018-03-17,114.0,48.0
2018-03-18,133.0,44.0
2018-03-19,168.0,56.0
2018-03-20,149.0,67.0
2018-03-21,203.0,79.0
2018-03-22,266.0,91.0
2018-03-23,242.0,115.0
2018-03-24,421.0,155.0
2018-03-25,241.0,68.0
2018-03-26,191.0,86.0
2018-03-27,286.0,105.0
2018-03-28,222.0,83.0
2018-03-29,192.0,86.0
2018-03-30,254.0,102.0
2018-03-31,195.0,97.0
2018-04-01,154.0,63.0
2018-04-02,220.0,59.0
2018-04-03,137.0,60.0
2018-04-04,219.0,78.0
2018-04-05,292.0,72.0
2018-04-06,174.0,42.0
2018-04-07,243.0,57.0
2018-04-08,289.0,54.0
2018-04-09,196.0,68.0
2018-04-10,189.0,55.0
2018-04-11,115.0,47.0
2018-04-12,85.0,38.0
2018-04-13,172.0,47.0
2018-04-14,354.0,84.0
2018-04-15,324.0,93.0
2018-04-16,155.0,68.0
2018-04-17,139.0,78.0
2018-04-18,217.0,64.0
2018-04-19,396.0,66.0
2018-04-20,201.0,49.0
2018-04-21,374.0,68.0
2018-04-22,213.0,75.0
2018-04-23,732.0,68.0
2018-04-24,1360.0,93.0
2018-04-25,388.0,55.0
2018-04-26,207.0,74.0
2018-04-27,192.0,61.0
2018-04-28,185.0,72.0
2018-04-29,186.0,55.0
2018-04-30,144.0,47.0
2018-05-01,200.0,63.0
2018-05-02,184.0,62.0
2018-05-03,113.0,59.0
2018-05-04,110.0,45.0
2018-05-05,95.0,36.0
2018-05-06,136.0,36.0
2018-05-07,506.0,58.0
2018-05-08,308.0,68.0
2018-05-09,152.0,49.0
2018-05-10,148.0,59.0
2018-05-11,161.0,99.0
2018-05-12,146.0,57.0
2018-05-13,117.0,47.0
2018-05-14,103.0,47.0
2018-05-15,122.0,47.0
2018-05-16,136.0,47.0
2018-05-17,90.0,37.0
2018-05-18,148.0,56.0
2018-05-19,122.0,28.0
2018-05-20,151.0,32.0
2018-05-21,109.0,37.0
2018-05-22,85.0,41.0
2018-05-23,275.0,88.0
2018-05-24,227.0,80.0
2018-05-25,187.0,45.0
2018-05-26,160.0,62.0
2018-05-27,113.0,45.0
2018-05-28,129.0,41.0
2018-05-29,123.0,59.0
2018-05-30,113.0,34.0
2018-05-31,165.0,51.0
2018-06-01,117.0,47.0
2018-06-02,124.0,46.0
2018-06-03,72.0,25.0
2018-06-04,126.0,62.0
2018-06-05,135.0,55.0
2018-06-06,261.0,72.0
2018-06-07,135.0,61.0
2018-06-08,411.0,49.0
2018-06-09,193.0,45.0
2018-06-10,148.0,45.0
2018-06-11,198.0,50.0
2018-06-12,102.0,42.0
2018-06-13,176.0,55.0
2018-06-14,112.0,54.0
2018-06-15,82.0,36.0
2018-06-16,130.0,41.0
2018-06-17,86.0,40.0
2018-06-18,75.0,42.0
2018-06-19,101.0,49.0
2018-06-20,116.0,42.0
2018-06-21,106.0,51.0
2018-06-22,253.0,59.0
2018-06-23,206.0,50.0
2018-06-24,127.0,66.0
2018-06-25,110.0,73.0
2018-06-26,119.0,68.0
2018-06-27,130.0,61.0
2018-06-28,379.0,51.0
2018-06-29,303.0,66.0
2018-06-30,152.0,67.0
2018-07-01,139.0,45.0
2018-07-02,162.0,54.0
2018-07-03,205.0,54.0
2018-07-04,125.0,46.0
2018-07-05,106.0,44.0
2018-07-06,128.0,59.0
2018-07-07,135.0,66.0
2018-07-08,103.0,51.0
2018-07-09,128.0,54.0
2018-07-10,123.0,43.0
2018-07-11,291.0,67.0
2018-07-12,342.0,50.0
2018-07-13,246.0,55.0
2018-07-14,314.0,56.0
2018-07-15,287.0,62.0
2018-07-16,182.0,53.0
2018-07-17,116.0,70.0
2018-07-18,114.0,54.0
2018-07-19,162.0,89.0
2018-07-20,111.0,61.0
2018-07-21,139.0,56.0
2018-07-22,146.0,50.0
2018-07-23,196.0,64.0
2018-07-24,112.0,41.0
2018-07-25,159.0,54.0
2018-07-26,147.0,53.0
2018-07-27,118.0,55.0
2018-07-28,159.0,45.0
2018-07-29,150.0,54.0
2018-07-30,204.0,67.0
2018-07-31,194.0,68.0
2018-08-01,155.0,64.0
2018-08-02,138.0,46.0
2018-08-03,161.0,69.0
2018-08-04,172.0,58.0
2018-08-05,159.0,54.0
2018-08-06,191.0,75.0
2018-08-07,226.0,66.0
2018-08-08,218.0,70.0
2018-08-09,165.0,74.0
2018-08-10,175.0,79.0
2018-08-11,174.0,65.0
2018-08-12,256.0,82.0
2018-08-13,182.0,57.0
2018-08-14,213.0,69.0
2018-08-15,160.0,54.0
2018-08-16,167.0,59.0
2018-08-17,232.0,63.0
2018-08-18,260.0,55.0
2018-08-19,175.0,47.0
2018-08-20,161.0,63.0
2018-08-21,186.0,66.0
2018-08-22,235.0,69.0
2018-08-23,170.0,54.0
2018-08-24,94.0,45.0
2018-08-25,183.0,52.0
2018-08-26,160.0,46.0
2018-08-27,155.0,58.0
2018-08-28,252.0,67.0
2018-08-29,180.0,65.0
2018-08-30,209.0,54.0
2018-08-31,156.0,36.0
2018-09-01,159.0,51.0
2018-09-02,161.0,47.0
2018-09-03,228.0,72.0
2018-09-04,301.0,106.0
2018-09-05,181.0,64.0
2018-09-06,161.0,67.0
2018-09-07,233.0,83.0
2018-09-08,379.0,70.0
2018-09-09,234.0,71.0
2018-09-10,220.0,86.0
2018-09-11,183.0,65.0
2018-09-12,161.0,47.0
2018-09-13,178.0,58.0
2018-09-14,165.0,65.0
2018-09-15,184.0,50.0
2018-09-16,248.0,39.0
2018-09-17,886.0,56.0
2018-09-18,412.0,73.0
2018-09-19,217.0,61.0
2018-09-20,137.0,67.0
2018-09-21,131.0,55.0
2018-09-22,146.0,46.0
2018-09-23,234.0,65.0
2018-09-24,138.0,53.0
2018-09-25,93.0,51.0
2018-09-26,122.0,51.0
2018-09-27,102.0,41.0
2018-09-28,82.0,45.0
2018-09-29,138.0,56.0
2018-09-30,123.0,66.0
2018-10-01,106.0,57.0
2018-10-02,112.0,65.0
2018-10-03,211.0,44.0
2018-10-04,113.0,43.0
2018-10-05,136.0,62.0
2018-10-06,144.0,46.0
2018-10-07,138.0,60.0
2018-10-08,254.0,40.0
2018-10-09,178.0,49.0
2018-10-10,284.0,67.0
2018-10-11,132.0,48.0
2018-10-12,158.0,64.0
2018-10-13,137.0,45.0
2018-10-14,150.0,48.0
2018-10-15,120.0,46.0
2018-10-16,129.0,59.0
2018-10-17,121.0,44.0
2018-10-18,144.0,61.0
2018-10-19,202.0,45.0
2018-10-20,112.0,53.0
2018-10-21,247.0,104.0
2018-10-22,158.0,73.0
2018-10-23,107.0,51.0
2018-10-24,133.0,60.0
2018-10-25,139.0,70.0
2018-10-26,123.0,58.0
2018-10-27,143.0,61.0
2018-10-28,128.0,70.0
2018-10-29,92.0,44.0
2018-10-30,95.0,39.0
2018-10-31,126.0,70.0
2018-11-01,101.0,52.0
2018-11-02,134.0,50.0
2018-11-03,73.0,30.0
2018-11-04,112.0,35.0
2018-11-05,162.0,53.0
2018-11-06,98.0,54.0
2018-11-07,91.0,40.0
2018-11-08,81.0,39.0
2018-11-09,68.0,40.0
2018-11-10,76.0,28.0
2018-11-11,83.0,38.0
2018-11-12,124.0,56.0
2018-11-13,194.0,43.0
2018-11-14,71.0,30.0
2018-11-15,60.0,44.0
2018-11-16,77.0,30.0
2018-11-17,79.0,38.0
2018-11-18,538.0,35.0
2018-11-19,267.0,39.0
2018-11-20,95.0,23.0
2018-11-21,112.0,22.0
2018-11-22,59.0,23.0
2018-11-23,54.0,22.0
2018-11-24,119.0,36.0
2018-11-25,162.0,34.0
2018-11-26,135.0,36.0
2018-11-27,100.0,34.0
2018-11-28,118.0,38.0
2018-11-29,127.0,36.0
2018-11-30,103.0,38.0
2018-12-01,75.0,31.0
2018-12-02,84.0,34.0
2018-12-03,80.0,29.0
2018-12-04,77.0,34.0
2018-12-05,224.0,33.0
2018-12-06,296.0,36.0
2018-12-07,161.0,60.0
2018-12-08,148.0,34.0
2018-12-09,191.0,34.0
2018-12-10,172.0,39.0
2018-12-11,99.0,46.0
2018-12-12,86.0,45.0
2018-12-13,64.0,28.0
2018-12-14,62.0,41.0
2018-12-15,81.0,30.0
2018-12-16,79.0,41.0
2018-12-17,107.0,38.0
2018-12-18,113.0,54.0
2018-12-19,63.0,47.0
2018-12-20,45.0,27.0
2018-12-21,62.0,40.0
2018-12-22,61.0,32.0
2018-12-23,92.0,41.0
2018-12-24,62.0,37.0
2018-12-25,38.0,27.0
2018-12-26,62.0,54.0
2018-12-27,73.0,39.0
2018-12-28,84.0,38.0
2018-12-29,87.0,54.0
2018-12-30,152.0,39.0
2018-12-31,86.0,29.0
2019-01-01,77.0,43.0
2019-01-02,64.0,34.0
2019-01-03,92.0,43.0
2019-01-04,96.0,49.0
2019-01-05,105.0,56.0
2019-01-06,79.0,39.0
2019-01-07,125.0,53.0
2019-01-08,84.0,58.0
2019-01-09,64.0,42.0
2019-01-10,73.0,47.0
2019-01-11,96.0,54.0
2019-01-12,85.0,36.0
2019-01-13,81.0,44.0
2019-01-14,159.0,55.0
2019-01-15,108.0,42.0
2019-01-16,73.0,47.0
2019-01-17,86.0,42.0
2019-01-18,67.0,52.0
2019-01-19,76.0,57.0
2019-01-20,70.0,44.0
2019-01-21,279.0,71.0
2019-01-22,172.0,48.0
2019-01-23,82.0,53.0
2019-01-24,73.0,53.0
2019-01-25,93.0,55.0
2019-01-26,70.0,38.0
2019-01-27,63.0,39.0
2019-01-28,91.0,36.0
2019-01-29,205.0,35.0
2019-01-30,136.0,38.0
2019-01-31,212.0,49.0
2019-02-01,196.0,65.0
2019-02-02,221.0,75.0
2019-02-03,149.0,57.0
2019-02-04,141.0,63.0
2019-02-05,147.0,56.0
2019-02-06,120.0,56.0
2019-02-07,94.0,50.0
2019-02-08,78.0,36.0
2019-02-09,69.0,35.0
2019-02-10,81.0,31.0
2019-02-11,84.0,42.0
2019-02-12,82.0,45.0
2019-02-13,91.0,55.0
2019-02-14,109.0,50.0
2019-02-15,140.0,52.0
2019-02-16,98.0,44.0
2019-02-17,120.0,32.0
2019-02-18,138.0,64.0
2019-02-19,151.0,53.0
2019-02-20,80.0,34.0
2019-02-21,102.0,47.0
2019-02-22,81.0,45.0
2019-02-23,57.0,32.0
2019-02-24,121.0,46.0
2019-02-25,114.0,47.0
2019-02-26,81.0,51.0
2019-02-27,57.0,42.0
2019-02-28,96.0,44.0
2019-03-01,70.0,27.0
2019-03-02,72.0,34.0
2019-03-03,159.0,39.0
2019-03-04,143.0,45.0
2019-03-05,87.0,41.0
2019-03-06,123.0,61.0
2019-03-07,110.0,36.0
2019-03-08,81.0,46.0
2019-03-09,63.0,36.0
2019-03-10,84.0,32.0
2019-03-11,93.0,27.0
2019-03-12,77.0,30.0
2019-03-13,90.0,58.0
2019-03-14,92.0,47.0
2019-03-15,58.0,39.0
2019-03-16,44.0,23.0
2019-03-17,61.0,24.0
2019-03-18,90.0,43.0
2019-03-19,106.0,43.0
2019-03-20,314.0,40.0
2019-03-21,309.0,44.0
2019-03-22,122.0,37.0
2019-03-23,80.0,37.0
2019-03-24,72.0,25.0
2019-03-25,65.0,35.0
2019-03-26,75.0,28.0
2019-03-27,86.0,32.0
2019-03-28,50.0,22.0
2019-03-29,80.0,26.0
2019-03-30,116.0,34.0
2019-03-31,63.0,30.0
2019-04-01,74.0,33.0
2019-04-02,90.0,37.0
2019-04-03,55.0,24.0
2019-04-04,83.0,37.0
2019-04-05,63.0,31.0
2019-04-06,83.0,36.0
2019-04-07,60.0,28.0
2019-04-08,107.0,41.0
2019-04-09,75.0,31.0
2019-04-10,42.0,24.0
2019-04-11,41.0,24.0
2019-04-12,56.0,22.0
2019-04-13,60.0,23.0
2019-04-14,47.0,24.0
2019-04-15,53.0,32.0
2019-04-16,79.0,36.0
2019-04-17,66.0,28.0
2019-04-18,85.0,34.0
2019-04-19,69.0,43.0
2019-04-20,69.0,47.0
2019-04-21,76.0,28.0
2019-04-22,58.0,35.0
2019-04-23,59.0,27.0
2019-04-24,59.0,33.0
2019-04-25,119.0,40.0
2019-04-26,79.0,32.0
2019-04-27,74.0,31.0
2019-04-28,62.0,22.0
2019-04-29,74.0,35.0
2019-04-30,88.0,33.0
2019-05-01,61.0,27.0
2019-05-02,63.0,35.0
2019-05-03,76.0,34.0
2019-05-04,56.0,25.0
2019-05-05,54.0,28.0
2019-05-06,71.0,30.0
2019-05-07,100.0,38.0
2019-05-08,85.0,32.0
2019-05-09,51.0,24.0
2019-05-10,46.0,25.0
2019-05-11,58.0,31.0
2019-05-12,53.0,25.0
2019-05-13,53.0,32.0
2019-05-14,99.0,52.0
2019-05-15,115.0,48.0
2019-05-16,83.0,29.0
2019-05-17,49.0,28.0
2019-05-18,65.0,42.0
2019-05-19,45.0,27.0
2019-05-20,51.0,29.0
2019-05-21,72.0,36.0
2019-05-22,44.0,22.0
2019-05-23,83.0,37.0
2019-05-24,68.0,34.0
2019-05-25,114.0,28.0
2019-05-26,51.0,27.0
2019-05-27,34.0,23.0
2019-05-28,105.0,50.0
2019-05-29,99.0,36.0
2019-05-30,70.0,30.0
2019-05-31,69.0,43.0
2019-06-01,72.0,29.0
2019-06-02,82.0,34.0
2019-06-03,71.0,49.0
2019-06-04,57.0,28.0
2019-06-05,75.0,40.0
2019-06-06,55.0,36.0
2019-06-07,46.0,26.0
2019-06-08,71.0,46.0
2019-06-09,70.0,30.0
2019-06-10,69.0,27.0
2019-06-11,68.0,32.0
2019-06-12,74.0,35.0
2019-06-13,96.0,36.0
2019-06-14,87.0,48.0
2019-06-15,67.0,41.0
2019-06-16,72.0,41.0
2019-06-17,79.0,32.0
2019-06-18,62.0,41.0
2019-06-19,71.0,42.0
2019-06-20,56.0,37.0
2019-06-21,42.0,34.0
2019-06-22,63.0,34.0
2019-06-23,75.0,40.0
2019-06-24,87.0,46.0
2019-06-25,94.0,38.0
2019-06-26,63.0,30.0
2019-06-27,40.0,27.0
2019-06-28,70.0,45.0
2019-06-29,53.0,36.0
2019-06-30,77.0,31.0
2019-07-01,69.0,33.0
2019-07-02,129.0,34.0
2019-07-03,116.0,44.0
2019-07-04,61.0,27.0
2019-07-05,55.0,27.0
2019-07-06,62.0,30.0
2019-07-07,38.0,24.0
2019-07-08,83.0,34.0
2019-07-09,104.0,28.0
2019-07-10,59.0,16.0
2019-07-11,36.0,19.0
2019-07-12,61.0,14.0
2019-07-13,48.0,18.0
2019-07-14,57.0,11.0
2019-07-15,57.0,23.0
2019-07-16,95.0,47.0
2019-07-17,104.0,49.0
2019-07-18,65.0,21.0
2019-07-19,69.0,25.0
2019-07-20,72.0,16.0
2019-07-21,53.0,18.0
2019-07-22,125.0,26.0
2019-07-23,128.0,17.0
2019-07-24,73.0,22.0
2019-07-25,66.0,19.0
2019-07-26,76.0,23.0
2019-07-27,105.0,23.0
2019-07-28,71.0,18.0
2019-07-29,111.0,26.0
2019-07-30,78.0,33.0
2019-07-31,104.0,31.0
2019-08-01,81.0,34.0
2019-08-02,62.0,23.0
2019-08-03,58.0,31.0
2019-08-04,84.0,26.0
2019-08-05,116.0,23.0
2019-08-06,94.0,32.0
2019-08-07,63.0,23.0
2019-08-08,135.0,29.0
2019-08-09,75.0,22.0
2019-08-10,437.0,24.0
2019-08-11,337.0,12.0
2019-08-12,445.0,19.0
2019-08-13,156.0,22.0
2019-08-14,66.0,20.0
2019-08-15,92.0,22.0
2019-08-16,60.0,15.0
2019-08-17,85.0,22.0
2019-08-18,808.0,19.0
2019-08-19,529.0,26.0
2019-08-20,188.0,25.0
2019-08-21,71.0,21.0
2019-08-22,63.0,22.0
2019-08-23,61.0,9.0
2019-08-24,47.0,15.0
2019-08-25,50.0,18.0
2019-08-26,60.0,31.0
2019-08-27,43.0,20.0
2019-08-28,123.0,24.0
2019-08-29,87.0,16.0
2019-08-30,96.0,14.0
2019-08-31,81.0,16.0
2019-09-01,83.0,26.0
2019-09-02,51.0,28.0
2019-09-03,169.0,18.0
2019-09-04,179.0,16.0
2019-09-05,94.0,14.0
2019-09-06,112.0,29.0
2019-09-07,113.0,15.0
2019-09-08,79.0,21.0
2019-09-09,65.0,16.0
2019-09-10,122.0,35.0
2019-09-11,65.0,11.0
2019-09-12,129.0,28.0
2019-09-13,75.0,16.0
2019-09-14,46.0,13.0
2019-09-15,65.0,23.0
2019-09-16,66.0,17.0
2019-09-17,64.0,20.0
2019-09-18,60.0,14.0
2019-09-19,40.0,20.0
2019-09-20,27.0,9.0
2019-09-21,107.0,13.0
2019-09-22,73.0,12.0
2019-09-23,34.0,14.0
2019-09-24,64.0,22.0
2019-09-25,24.0,6.0
2019-09-26,48.0,10.0
2019-09-27,47.0,16.0
2019-09-28,90.0,9.0
2019-09-29,61.0,10.0
2019-09-30,71.0,17.0
2019-10-01,105.0,20.0
2019-10-02,78.0,15.0
2019-10-03,51.0,20.0
2019-10-04,27.0,16.0
2019-10-05,60.0,13.0
2019-10-06,78.0,25.0
2019-10-07,49.0,24.0
2019-10-08,25.0,6.0
2019-10-09,26.0,10.0
2019-10-10,23.0,15.0
2019-10-11,21.0,10.0
2019-10-12,35.0,11.0
2019-10-13,611.0,38.0
2019-10-14,192.0,33.0
2019-10-15,51.0,10.0
2019-10-16,96.0,20.0
2019-10-17,80.0,20.0
2019-10-18,108.0,20.0
2019-10-19,56.0,17.0
2019-10-20,70.0,10.0
2019-10-21,60.0,15.0
2019-10-22,113.0,20.0
2019-10-23,98.0,24.0
2019-10-24,184.0,27.0
2019-10-25,85.0,15.0
2019-10-26,51.0,19.0
2019-10-27,85.0,16.0
2019-10-28,59.0,17.0
2019-10-29,55.0,15.0
2019-10-30,49.0,17.0
2019-10-31,28.0,7.0
2019-11-01,112.0,16.0
2019-11-02,258.0,13.0
2019-11-03,55.0,12.0
2019-11-04,44.0,21.0
2019-11-05,47.0,15.0
2019-11-06,50.0,24.0
2019-11-07,44.0,20.0
2019-11-08,30.0,11.0
2019-11-09,51.0,21.0
2019-11-10,74.0,25.0
2019-11-11,72.0,20.0
2019-11-12,78.0,20.0
2019-11-13,44.0,20.0
2019-11-14,58.0,23.0
2019-11-15,36.0,14.0
2019-11-16,29.0,20.0
2019-11-17,51.0,18.0
2019-11-18,84.0,25.0
2019-11-19,29.0,14.0
2019-11-20,31.0,8.0
2019-11-21,36.0,20.0
2019-11-22,66.0,16.0
2019-11-23,46.0,18.0
2019-11-24,40.0,13.0
2019-11-25,37.0,17.0
2019-11-26,41.0,20.0
2019-11-27,37.0,15.0
2019-11-28,15.0,7.0
2019-11-29,49.0,21.0
2019-11-30,65.0,14.0
2019-12-01,73.0,17.0
2019-12-02,50.0,11.0
2019-12-03,41.0,17.0
2019-12-04,182.0,21.0
2019-12-05,140.0,36.0
2019-12-06,110.0,16.0
2019-12-07,49.0,20.0
2019-12-08,21.0,15.0
2019-12-09,22.0,6.0
2019-12-10,20.0,11.0
2019-12-11,29.0,16.0
2019-12-12,45.0,25.0
2019-12-13,29.0,13.0
2019-12-14,89.0,18.0
2019-12-15,104.0,16.0
2019-12-16,49.0,12.0
2019-12-17,42.0,8.0
2019-12-18,70.0,20.0
2019-12-19,31.0,13.0
2019-12-20,39.0,16.0
2019-12-21,49.0,13.0
2019-12-22,32.0,14.0
2019-12-23,56.0,14.0
2019-12-24,46.0,10.0
2019-12-25,34.0,10.0
2019-12-26,78.0,20.0
2019-12-27,27.0,6.0
2019-12-28,41.0,11.0
2019-12-29,40.0,14.0
2019-12-30,30.0,16.0
2019-12-31,19.0,11.0
2020-01-01,111.0,18.0
2020-01-02,108.0,21.0
2020-01-03,50.0,22.0
2020-01-04,43.0,17.0
2020-01-05,37.0,6.0
2020-01-06,76.0,25.0
2020-01-07,46.0,13.0
2020-01-08,36.0,15.0
2020-01-09,24.0,13.0
2020-01-10,35.0,9.0
2020-01-11,43.0,14.0
2020-01-12,25.0,7.0
2020-01-13,34.0,19.0
2020-01-14,64.0,27.0
2020-01-15,54.0,13.0
2020-01-16,69.0,15.0
2020-01-17,78.0,25.0
2020-01-18,50.0,9.0
2020-01-19,46.0,12.0
2020-01-20,91.0,28.0
2020-01-21,127.0,17.0
2020-01-22,64.0,12.0
2020-01-23,38.0,15.0
2020-01-24,25.0,13.0
2020-01-25,20.0,9.0
2020-01-26,35.0,17.0
2020-01-27,38.0,12.0
2020-01-28,34.0,16.0
2020-01-29,47.0,15.0
2020-01-30,84.0,17.0
2020-01-31,63.0,18.0
2020-02-01,256.0,17.0
2020-02-02,68.0,18.0
2020-02-03,68.0,18.0
2020-02-04,76.0,12.0
2020-02-05,97.0,27.0
2020-02-06,93.0,22.0
2020-02-07,75.0,15.0
2020-02-08,45.0,17.0
2020-02-09,74.0,30.0
2020-02-10,60.0,28.0
2020-02-11,62.0,18.0
2020-02-12,108.0,27.0
2020-02-13,36.0,16.0
2020-02-14,49.0,16.0
2020-02-15,56.0,22.0
2020-02-16,69.0,20.0
2020-02-17,55.0,19.0
2020-02-18,52.0,22.0
2020-02-19,57.0,24.0
2020-02-20,100.0,20.0
2020-02-21,65.0,18.0
2020-02-22,44.0,19.0
2020-02-23,43.0,16.0
2020-02-24,50.0,23.0
2020-02-25,64.0,21.0
2020-02-26,119.0,25.0
2020-02-27,59.0,14.0
2020-02-28,54.0,13.0
2020-02-29,54.0,18.0
2020-03-01,55.0,20.0
2020-03-02,85.0,33.0
2020-03-03,94.0,33.0
2020-03-04,25.0,16.0
2020-03-05,117.0,25.0
2020-03-06,45.0,28.0
2020-03-07,61.0,23.0
2020-03-08,45.0,18.0
2020-03-09,42.0,22.0
2020-03-10,33.0,23.0
2020-03-11,31.0,16.0
2020-03-12,34.0,8.0
2020-03-13,24.0,13.0
2020-03-14,35.0,16.0
2020-03-15,27.0,8.0
2020-03-16,12.0,5.0
2020-03-17,11.0,7.0
2020-03-18,34.0,9.0
2020-03-19,22.0,4.0
2020-03-20,21.0,8.0
2020-03-21,27.0,7.0
2020-03-22,14.0,5.0
2020-03-23,10.0,3.0
2020-03-24,33.0,8.0
2020-03-25,20.0,9.0
2020-03-26,21.0,13.0
2020-03-27,13.0,3.0
2020-03-28,16.0,2.0
2020-03-29,16.0,5.0
2020-03-30,,
2020-03-31,16.0,5.0
2020-04-01,15.0,9.0
2020-04-02,51.0,22.0
2020-04-03,30.0,8.0
2020-04-04,65.0,22.0
2020-04-05,30.0,9.0
2020-04-06,63.0,10.0
2020-04-07,31.0,9.0
2020-04-08,97.0,6.0
2020-04-09,91.0,10.0
2020-04-10,29.0,7.0
2020-04-11,93.0,22.0
2020-04-12,41.0,11.0
2020-04-13,20.0,10.0
2020-04-14,24.0,10.0
2020-04-15,48.0,14.0
2020-04-16,22.0,10.0
2020-04-17,23.0,14.0
2020-04-18,32.0,18.0
2020-04-19,39.0,15.0
2020-04-20,24.0,10.0
2020-04-21,23.0,13.0
2020-04-22,20.0,14.0
2020-04-23,53.0,18.0
2020-04-24,19.0,10.0
2020-04-25,28.0,20.0
2020-04-26,19.0,8.0
2020-04-27,31.0,15.0
2020-04-28,37.0,21.0
2020-04-29,49.0,14.0
2020-04-30,48.0,17.0
2020-05-01,155.0,20.0
2020-05-02,62.0,10.0
2020-05-03,81.0,27.0
2020-05-04,38.0,17.0
2020-05-05,96.0,29.0
2020-05-06,377.0,41.0
2020-05-07,477.0,75.0
2020-05-08,143.0,54.0
2020-05-09,70.0,32.0
2020-05-10,69.0,24.0
2020-05-11,58.0,20.0
2020-05-12,66.0,20.0
2020-05-13,87.0,13.0
2020-05-14,84.0,27.0
2020-05-15,113.0,22.0
2020-05-16,70.0,11.0
2020-05-17,65.0,19.0
2020-05-18,67.0,23.0
2020-05-19,60.0,25.0
2020-05-20,63.0,21.0
2020-05-21,84.0,19.0
2020-05-22,126.0,47.0
2020-05-23,66.0,20.0
2020-05-24,48.0,19.0
2020-05-25,64.0,25.0
2020-05-26,750.0,131.0
2020-05-27,1693.0,327.0
2020-05-28,4004.0,967.0
2020-05-29,6690.0,1768.0
2020-05-30,16097.0,3135.0
2020-05-31,26266.0,5098.0
2020-06-01,38235.0,6233.0
2020-06-02,56872.0,6741.0
2020-06-03,43795.0,5737.0
2020-06-04,26088.0,5060.0
2020-06-05,19882.0,4979.0
2020-06-06,20974.0,4891.0
2020-06-07,28414.0,4767.0
2020-06-08,22797.0,4381.0
2020-06-09,20665.0,3460.0
2020-06-10,17239.0,3211.0
2020-06-11,15769.0,3337.0
2020-06-12,11871.0,3123.0
2020-06-13,30316.0,3315.0
2020-06-14,22598.0,2611.0
2020-06-15,17777.0,2513.0
2020-06-16,13385.0,2104.0
2020-06-17,20971.0,2336.0
2020-06-18,14831.0,2378.0
2020-06-19,10610.0,2324.0
2020-06-20,34721.0,2017.0
2020-06-21,13234.0,1728.0
2020-06-22,9412.0,2251.0
2020-06-23,8046.0,2127.0
2020-06-24,6857.0,1616.0
2020-06-25,7829.0,1997.0
2020-06-26,6241.0,1532.0
2020-06-27,5962.0,1486.0
2020-06-28,9999.0,1768.0
2020-06-29,11219.0,1898.0
2020-06-30,8210.0,1730.0
2020-07-01,6701.0,1659.0
2020-07-02,5987.0,1415.0
2020-07-03,4782.0,1339.0
2020-07-04,5686.0,1338.0
2020-07-05,8908.0,1545.0
2020-07-06,6034.0,1487.0
2020-07-07,6081.0,1370.0
2020-07-08,5444.0,1152.0
2020-07-09,9133.0,1397.0
2020-07-10,4669.0,995.0
2020-07-11,3192.0,810.0
2020-07-12,4275.0,1039.0
2020-07-13,6482.0,957.0
2020-07-14,4416.0,948.0
2020-07-15,3564.0,918.0
2020-07-16,3988.0,845.0
2020-07-17,3789.0,913.0
2020-07-18,6216.0,971.0
2020-07-19,4874.0,945.0
2020-07-20,7374.0,948.0
2020-07-21,5601.0,969.0
2020-07-22,4626.0,980.0
2020-07-23,3861.0,995.0
2020-07-24,4070.0,1035.0
2020-07-25,6104.0,1203.0
2020-07-26,5264.0,1150.0
2020-07-27,4784.0,1101.0
2020-07-28,4401.0,930.0
2020-07-29,4098.0,839.0
2020-07-30,3194.0,896.0
2020-07-31,3104.0,802.0
2020-08-01,4353.0,819.0
2020-08-02,4432.0,824.0
2020-08-03,4090.0,761.0
2020-08-04,3994.0,786.0
2020-08-05,2927.0,664.0
2020-08-06,2553.0,666.0
2020-08-07,2280.0,674.0
2020-08-08,2656.0,562.0
2020-08-09,2889.0,600.0
2020-08-10,3780.0,735.0
2020-08-11,3607.0,794.0
2020-08-12,3037.0,801.0
2020-08-13,5393.0,810.0
2020-08-14,2196.0,707.0
2020-08-15,3128.0,661.0
2020-08-16,2136.0,585.0
2020-08-17,6001.0,888.0
2020-08-18,3307.0,664.0
2020-08-19,2956.0,847.0
2020-08-20,2679.0,663.0
2020-08-21,1878.0,567.0
2020-08-22,2438.0,589.0
2020-08-23,2986.0,638.0
2020-08-24,6759.0,1391.0
2020-08-25,18281.0,1586.0
2020-08-26,11547.0,2449.0
2020-08-27,9411.0,2259.0
2020-08-28,16960.0,1911.0
2020-08-29,12519.0,1251.0
2020-08-30,9503.0,1694.0
2020-08-31,6372.0,1188.0
2020-09-01,5366.0,1093.0
2020-09-02,4431.0,864.0
2020-09-03,4646.0,930.0
2020-09-04,5097.0,761.0
2020-09-05,10113.0,1049.0
2020-09-06,6036.0,930.0
2020-09-07,5691.0,965.0
2020-09-08,3380.0,903.0
2020-09-09,3899.0,800.0
2020-09-10,4741.0,816.0
2020-09-11,6573.0,882.0
2020-09-12,3147.0,699.0
2020-09-13,9662.0,1322.0
2020-09-14,4040.0,949.0
2020-09-15,3785.0,785.0
2020-09-16,3581.0,638.0
2020-09-17,2908.0,647.0
2020-09-18,2527.0,549.0
2020-09-19,2680.0,578.0
2020-09-20,2818.0,584.0
2020-09-21,2280.0,570.0
2020-09-22,2307.0,574.0
2020-09-23,6201.0,1119.0
2020-09-24,10257.0,1023.0
2020-09-25,3522.0,833.0
2020-09-26,4304.0,818.0
2020-09-27,2340.0,571.0
2020-09-28,2313.0,561.0
2020-09-29,2667.0,593.0
2020-09-30,1930.0,728.0
2020-10-01,2846.0,580.0
2020-10-02,1592.0,509.0
2020-10-03,2044.0,487.0
2020-10-04,2154.0,524.0
2020-10-05,2100.0,516.0
2020-10-06,2010.0,568.0
2020-10-07,1932.0,588.0
2020-10-08,1822.0,579.0
2020-10-09,2225.0,531.0
2020-10-10,2072.0,554.0
2020-10-11,4867.0,531.0
2020-10-12,2495.0,466.0
2020-10-13,2144.0,396.0
2020-10-14,1243.0,372.0
2020-10-15,913.0,351.0
2020-10-16,1210.0,449.0
2020-10-17,1943.0,407.0
2020-10-18,1475.0,458.0
2020-10-19,1084.0,384.0
2020-10-20,1317.0,440.0
2020-10-21,1586.0,428.0
2020-10-22,1136.0,454.0
2020-10-23,2205.0,474.0
2020-10-24,1275.0,399.0
2020-10-25,1147.0,369.0
2020-10-26,1915.0,443.0
2020-10-27,3962.0,677.0
2020-10-28,2989.0,618.0
2020-10-29,1831.0,496.0
2020-10-30,1576.0,507.0
2020-10-31,1985.0,412.0
